Sequence,Size,Distance,Start-Pos,End-Pos
cctgacg,7,4,4,10
tttcatt,7,1612,2755,2761
tttcatt,7,1137,1137,1143
tggtatt,7,1551,2660,2666
tggtatt,7,1103,1103,1109
caaaaat,7,375,1476,1482
caaaaat,7,1095,1095,1101
tcaaaaa,7,904,3023,3029
tcaaaaa,7,1013,2113,2119
tcaaaaa,7,1094,1094,1100
ctttttc,7,131,1226,1232
ctttttc,7,1089,1089,1095
aaacggc,7,1314,2403,2409
aaacggc,7,1083,1083,1089
tttcatt,7,290,3051,3057
tcattac,7,1202,2282,2288
ttcatta,7,678,3052,3058
ttcatta,7,1289,2368,2374
ttcatta,7,1073,1073,1079
ttttctc,7,1908,2979,2985
ttttctc,7,1065,1065,1071
tgagttt,7,87,1154,1160
tgagttt,7,1061,1061,1067
aactgcc,7,1586,2642,2648
aactgcc,7,1050,1050,1056
ttggaac,7,2016,3068,3074
ttggaac,7,1046,1046,1052
taccagg,7,496,1528,1534
taccagg,7,1026,1026,1032
tcattac,7,1074,1074,1080
atcgcag,7,1330,2350,2356
gctcgat,7,1148,1148,1154
gtttttc,7,1157,1157,1163
cgctgcg,7,1286,1286,1292
actgact,7,1621,2906,2912
actgact,7,1279,1279,1285
gctcact,7,43,1324,1330
gctcact,7,1275,1275,1281
gcttcct,7,1720,2993,2999
gcttcct,7,1267,1267,1273
agattac,7,751,2003,2009
agattac,7,1246,1246,1252
tctttaa,7,1613,2850,2856
tctttaa,7,1231,1231,1237
accctgc,7,352,1576,1582
accctgc,7,1218,1218,1224
gctcgat,7,1162,2316,2322
gggcaag,7,1587,2796,2802
aaaaaag,7,814,2017,2023
aaaaaag,7,1197,1197,1203
caaaaaa,7,1822,3024,3030
caaaaaa,7,1196,1196,1202
tccggca,7,754,1951,1957
tccggca,7,1191,1191,1197
ttttcta,7,882,2047,2053
ttttcta,7,1159,1159,1165
tttttct,7,135,2978,2984
tttttct,7,1604,2837,2843
tttttct,7,63,1227,1233
tttttct,7,1158,1158,1164
gtttttc,7,277,1440,1446
gggcaag,7,1203,1203,1209
cgctgcg,7,431,1723,1729
atcgcag,7,1014,1014,1020
gaatcgc,7,1012,1012,1018
gaaatgc,7,891,891,897
ggaaaga,7,483,1375,1381
ggaaaga,7,886,886,892
cgagcgt,7,1386,2246,2252
cgagcgt,7,854,854,860
tgacgag,7,490,1464,1470
tgacgag,7,111,968,974
tgacgag,7,851,851,857
tttgatg,7,290,1142,1148
tttgatg,7,846,846,852
gattttg,7,1245,2094,2100
gattttg,7,843,843,849
agtgatt,7,2125,2971,2977
gaaatgc,7,2016,2913,2919
agtgatt,7,840,840,846
atgaata,7,816,816,822
tcaggcg,7,1984,2790,2796
tcaggcg,7,800,800,806
ttgctca,7,1893,2695,2701
ttgctca,7,796,796,802
tcgtctt,7,949,1746,1752
tcgtctt,7,791,791,797
tcctttt,7,1362,2135,2141
tcctttt,7,767,767,773
ttgtaat,7,1598,2362,2368
ttgtaat,7,758,758,764
tcctgtt,7,808,1566,1572
tcctgtt,7,752,752,758
atgaata,7,300,1122,1128
gaatcgc,7,1403,2421,2427
agctctt,7,901,901,907
cttgcca,7,905,905,911
gtattga,7,108,1105,1111
gtattga,7,991,991,997
aaattaa,7,1158,2142,2148
aaattaa,7,978,978,984
gggaaat,7,1604,2585,2591
gggaaat,7,975,975,981
cttattt,7,208,3047,3053
cttattt,7,1867,2833,2839
cttattt,7,960,960,966
ttgataa,7,150,1108,1114
ttgataa,7,952,952,958
tttctca,7,681,1631,1637
tttctca,7,944,944,950
agctctt,7,1035,1942,1948
catggtg,7,1528,2470,2476
ctcatgg,7,1758,2698,2704
ctcatgg,7,934,934,940
cactcat,7,1407,2345,2351
cactcat,7,932,932,938
tcactca,7,389,1326,1332
tcactca,7,931,931,937
accggat,7,917,917,923
ctcaccg,7,1826,2746,2752
ctcaccg,7,914,914,920
attctca,7,346,2566,2572
attctca,7,1297,2214,2220
attctca,7,911,911,917
cttgcca,7,124,1035,1041
catggtg,7,936,936,942
ctgcgct,7,1288,1288,1294
ctgcgct,7,605,1899,1905
ggtcgtt,7,1296,1296,1302
atatatg,7,447,2629,2635
atatatg,7,2176,2176,2182
ttaaaaa,7,702,2853,2859
ttaaaaa,7,2145,2145,2151
ttttaaa,7,13,2157,2163
ttttaaa,7,2138,2138,2144
atcaaaa,7,400,2518,2524
atcaaaa,7,2112,2112,2118
tatcaaa,7,205,2322,2328
tatcaaa,7,2111,2111,2117
agggatt,7,444,2541,2547
agggatt,7,2091,2091,2097
aaactca,7,446,2531,2537
aaacttg,7,2186,2186,2192
aaactca,7,2079,2079,2085
acgaaaa,7,2075,2075,2081
ggtctga,7,129,2192,2198
ggtctga,7,2057,2057,2063
tgatctt,7,995,3043,3049
tgatctt,7,2042,2042,2048
agatcct,7,92,2132,2138
agatcct,7,2034,2034,2040
attacgc,7,317,2328,2334
attacgc,7,2005,2005,2011
ttttttt,7,987,2976,2982
ttttttt,7,1983,1983,1989
cggtggt,7,975,2958,2964
cggtggt,7,1977,1977,1983
acgaaaa,7,474,2555,2561
tggtagc,7,27,1971,1977
aaacttg,7,632,2824,2830
agctcga,7,109,2315,2321
atatcca,7,92,2965,2971
atatcca,7,2867,2867,2873
acggtct,7,27,2879,2885
acggtct,7,2846,2846,2852
aacggtg,7,243,2956,2962
aacggtg,7,2707,2707,2713
gtggtat,7,295,2960,2966
gtggtat,7,2659,2659,2665
tcaccgt,7,138,2747,2753
tcaccgt,7,2603,2603,2609
tgaaaac,7,199,2680,2686
tgaaaac,7,2475,2475,2481
catggaa,7,306,2700,2706
agctcga,7,2200,2200,2206
catggaa,7,2388,2388,2394
agcattc,7,2375,2375,2381
tacgccc,7,695,3031,3037
tacgccc,7,2330,2330,2336
atatcaa,7,624,2951,2957
atatcaa,7,2321,2321,2327
ctcgata,7,691,3014,3020
ctcgata,7,2317,2317,2323
tatcaac,7,651,2952,2958
tatcaac,7,2295,2295,2301
gttctga,7,16,2273,2279
gttctga,7,2251,2251,2257
acgcccg,7,795,3032,3038
acgcccg,7,2231,2231,2237
agcattc,7,401,2782,2788
tggtagc,7,1938,1938,1944
gaagcca,7,475,2392,2398
gaagcca,7,1911,1911,1917
ccggata,7,1589,1589,1595
tggaagc,7,839,2390,2396
tggaagc,7,1545,1545,1551
gacgctc,7,572,2062,2068
gacgctc,7,1484,1484,1490
catcaca,7,920,2397,2403
catcaca,7,1471,1471,1477
ccccctg,7,75,1540,1546
ccccctg,7,1459,1459,1465
ggcgttt,7,90,1533,1539
ggcgttt,7,1437,1437,1443
taaaaag,7,1429,2854,2860
taaaaag,7,1419,1419,1425
ccggata,7,1222,2817,2823
accgtaa,7,1184,2605,2611
tgagcaa,7,1507,2900,2906
tgagcaa,7,1387,1387,1393
aagaaca,7,497,1881,1887
aagaaca,7,1378,1378,1384
tccacag,7,88,1445,1451
tccacag,7,1351,1351,1357
aggcggt,7,490,1830,1836
aggcggt,7,1334,1334,1340
actcaaa,7,1687,3021,3027
actcaaa,7,1328,1328,1334
cagctca,7,1415,2743,2749
cagctca,7,1322,1322,1328
ggtcgtt,7,369,1671,1677
accgtaa,7,1415,1415,1421
ctttctc,7,1605,1605,1611
ctttctc,7,19,1630,1636
ccttcgg,7,1612,1612,1618
gagttct,7,422,2271,2277
gagttct,7,1843,1843,1849
cagagcg,7,851,2672,2678
cagagcg,7,1815,1815,1821
aacagga,7,489,2299,2305
aacagga,7,1804,1804,1810
gcagcag,7,203,1998,2004
gcagcag,7,1789,1789,1795
gccactg,7,7,1795,1801
gccactg,7,1782,1782,1788
atcgcca,7,638,2423,2429
atcgcca,7,1779,1779,1785
cccggta,7,1268,3035,3041
cccggta,7,1761,1761,1767
gagtcca,7,545,2304,2310
gagtcca,7,1753,1753,1759
ccggtaa,7,20,1762,1768
ccggtaa,7,1736,1736,1742
accgctg,7,239,1966,1972
accgctg,7,1721,1721,1727
tccaagc,7,620,2307,2313
tccaagc,7,1681,1681,1687
cggtgta,7,1039,2709,2715
cggtgta,7,1664,1664,1670
ggtatct,7,236,1894,1900
ggtatct,7,1652,1652,1658
tgtaggt,7,13,1667,1673
tgtaggt,7,1648,1648,1654
ccttcgg,7,304,1922,1928
ctgcgcc,7,987,1725,1731
ctgcgcc,7,732,732,738
accggat,7,665,1588,1594
gctggcc,7,719,719,725
gggaagc,7,1128,1617,1623
gggaagc,7,483,483,489
atctatc,7,1818,2292,2298
atctatc,7,468,468,474
caatcta,7,1693,2165,2171
caatcta,7,466,466,472
tcaggtg,7,234,696,702
tcaggtg,7,456,456,462
aatcagg,7,898,1358,1364
aatcagg,7,454,454,460
gatcctt,7,92,2133,2139
gcaatca,7,348,806,812
cgggcaa,7,2340,2795,2801
cgggcaa,7,449,449,455
acatgga,7,1978,2387,2393
tccttca,7,143,143,149
tccttca,7,921,1070,1076
acatgga,7,403,403,409
aacatgg,7,106,514,520
aacatgg,7,402,402,408
tcaactc,7,147,147,153
tcaactc,7,2937,3090,3096
gcaatca,7,452,452,458
ggaagcc,7,484,484,490
ggaagcc,7,1901,2391,2397
agcccga,7,487,487,493
tctgaac,7,1684,2253,2259
tctgaac,7,563,563,569
atgagat,7,1548,2104,2110
atgagat,7,550,550,556
ttacaga,7,527,1077,1083
ttacaga,7,544,544,550
gcgttgc,7,894,1429,1435
gcgttgc,7,529,529,535
gatcctt,7,141,141,147
gatcctt,7,1888,2035,2041
ggtagcg,7,1441,1972,1978
ggtagcg,7,525,525,531
aatatat,7,227,227,233
ttctgaa,7,508,508,514
agagttg,7,1427,1933,1939
agagttg,7,500,500,506
cagagtt,7,1336,1841,1847
cagagtt,7,499,499,505
gatgcgc,7,216,714,720
gatgcgc,7,492,492,498
gcccgat,7,2590,3084,3090
gcccgat,7,488,488,494
agcccga,7,1222,1715,1721
cagcaaa,7,153,153,159
tggctga,7,570,570,576
cagcaaa,7,1240,1399,1405
ttcgatt,7,578,746,752
aaaatct,7,195,195,201
ataaaac,7,2570,2821,2827
ataaaac,7,245,245,251
aaaatct,7,2808,3009,3015
caataaa,7,343,2571,2577
caataaa,7,1973,2222,2228
caataaa,7,243,243,249
tgaacaa,7,1374,2255,2261
tgatgtt,7,203,203,209
tgatgtt,7,330,539,545
aaaactg,7,247,247,253
tgatgtt,7,450,995,1001
gttacat,7,527,740,746
tacattg,7,209,209,215
tacattg,7,2680,2895,2901
tgaacaa,7,630,875,881
tgaacaa,7,239,239,245
tgcacaa,7,214,214,220
tgcacaa,7,675,895,901
atatatc,7,2715,2949,2955
atatatc,7,228,228,234
aatatat,7,2395,2628,2634
gttacat,7,207,207,213
aaaactg,7,2268,2521,2527
gctggcc,7,140,865,871
ctcaaaa,7,96,3022,3028
gatttat,7,165,165,171
gatttat,7,243,414,420
tattcaa,7,169,169,175
tattcaa,7,184,359,365
cgtcttg,7,949,1747,1753
gccacgt,7,180,180,186
gccacgt,7,2321,2507,2513
cgtcttg,7,413,792,798
cgtcttg,7,373,373,379
tcaacgg,7,2586,2954,2960
tcaacgg,7,362,362,368
catattc,7,2200,2563,2569
catattc,7,357,357,363
ccatatt,7,2137,2499,2505
ccatatt,7,356,356,362
acaaggg,7,2435,2716,2722
acaaggg,7,275,275,281
gtaatac,7,1063,1339,1345
gtaatac,7,270,270,276
ctcaaaa,7,192,192,198
aacagta,7,1612,1884,1890
aacagta,7,266,266,272
ctcaaaa,7,2722,2920,2926
ttcgatt,7,162,162,168
tggctga,7,1971,2547,2553
ttctgaa,7,1738,2252,2258
atgcctc,7,2325,2916,2922
tgaaaat,7,701,701,707
tgaaaat,7,2300,3007,3013
ataaaaa,7,44,44,50
ctataaa,7,1471,1519,1525
ctataaa,7,42,42,48
aaaaaaa,7,80,80,86
cgattcc,7,93,748,754
ggaaaac,7,658,658,664
aaaaaaa,7,1930,2016,2022
aaaaaat,7,2937,3025,3031
aaaaatc,7,83,83,89
aaaaatc,7,1388,1477,1483
atcatga,7,201,235,241
tccttag,7,88,88,94
gattcag,7,222,921,927
gttgatg,7,114,831,837
aaaaaat,7,82,82,88
atgcctc,7,585,585,591
ataaaaa,7,28,78,84
ataaaaa,7,138,222,228
gattcag,7,693,693,699
ataaaaa,7,1996,2224,2230
ggtgaaa,7,699,699,705
ggtgaaa,7,1768,2473,2479
aaatagg,7,48,48,54
ggtgaaa,7,48,2527,2533
ggtgaaa,7,527,3060,3066
atcctga,7,420,1114,1120
atcctga,7,688,688,694
aatatcc,7,2175,2866,2872
aatatcc,7,685,685,691
aaatagg,7,2534,2588,2594
agataaa,7,76,76,82
tagaaga,7,1193,1878,1884
tagaaga,7,679,679,685
ggaaaac,7,2039,2703,2709
agataaa,7,138,220,226
cgattcc,7,649,649,655
tccttag,7,2902,2996,3002
gttgatg,7,711,711,717
tcctgat,7,420,1115,1121
attatca,7,25,25,31
aagcatt,7,603,603,609
aagcatt,7,1765,2374,2380
catttta,7,606,606,612
tgatgcg,7,81,713,719
tgatgcg,7,626,626,632
attatca,7,2078,2109,2115
atcatga,7,28,28,34
tcctgat,7,63,689,695
tcctgat,7,620,620,626
ctcctga,7,2378,3003,3009
ctcctga,7,619,619,625
catttta,7,2374,2986,2992
ttatccg,7,610,610,616
GCGGCCG,7,123,123,129
tgatgcg,7,114,833,839
GCGGCCG,7,1049,1178,1184
cctgacg,7,1452,1462,1468
actcacc,7,1889,2533,2539
cccgacc,7,593,593,599
cccgacc,7,1118,1717,1723
ttagctt,7,91,91,97
accaccg,7,1315,1963,1969
accaccg,7,642,642,648
actcacc,7,638,638,644
tgatttc,7,108,108,114
ttagctt,7,2893,2990,2996
tcaccac,7,567,1213,1219
tcaccac,7,640,640,646
ctcacca,7,1572,2217,2223
ctcacca,7,639,639,645
tgatttc,7,827,941,947
ttatccg,7,1116,1732,1738
gagtccaa,8,544,2304,2311
gagtccaa,8,1753,1753,1760
catcacaa,8,1471,1471,1478
ctcaaaat,8,2721,2920,2927
ttctttac,8,82,2929,2936
gaaaacgg,8,2476,2476,2483
tgcgctct,8,1559,1559,1566
tgcgctct,8,334,1900,1907
ttctttac,8,2840,2840,2847
gacgctca,8,571,2062,2069
gttacatt,8,526,740,747
gttacatt,8,207,207,214
aaaatctc,8,195,195,202
gacgctca,8,1484,1484,1491
tgatgtta,8,203,203,210
tgcacaag,8,214,214,221
aaaatctc,8,2807,3009,3016
tgcacaag,8,674,895,902
gaaaacgg,8,221,2704,2711
catcacaa,8,919,2397,2404
tgatgtta,8,329,539,546
tgaaaacg,8,198,2680,2687
tattcaac,8,169,169,176
ctcaaaat,8,192,192,199
aaaaagga,8,90,2115,2122
tttaaatc,8,348,2513,2520
agatcctt,8,2034,2034,2041
tttaaatc,8,2158,2158,2165
tccttagc,8,88,88,95
ttttaaat,8,12,2157,2164
ttttaaat,8,2138,2138,2145
tccttagc,8,2901,2996,3003
agatcctt,8,91,2132,2139
tgatttct,8,108,108,115
aaactcac,8,445,2531,2538
aaactcac,8,2079,2079,2086
tgatttct,8,826,941,948
GCGGCCGC,8,1048,1178,1185
ggtctgac,8,2057,2057,2064
GCGGCCGC,8,123,123,130
ggtctgac,8,128,2192,2199
aaaaagga,8,2018,2018,2025
cagcaaaa,8,153,153,160
cagcaaaa,8,1239,1399,1406
ataaaaaa,8,2139,2224,2231
ataaaaat,8,44,44,51
atggtgaa,8,580,3058,3065
atggtgaa,8,2471,2471,2478
gccacgtt,8,2320,2507,2514
ataaaaat,8,171,222,229
gccacgtt,8,180,180,187
gccactgg,8,1782,1782,1789
aaataggc,8,48,48,55
tgaaaacg,8,2475,2475,2482
aaataggc,8,2533,2588,2595
tattcaac,8,183,359,366
agataaaa,8,76,76,83
agataaaa,8,137,220,227
cagagcga,8,1815,1815,1822
cagagcga,8,850,2672,2679
ataaaaaa,8,78,78,85
acgcccgg,8,794,3032,3039
acgcccgg,8,2231,2231,2238
gccactgg,8,6,1795,1802
aaaaatat,8,224,224,231
atatccag,8,91,2965,2972
ttttctcc,8,1907,2979,2986
agctcttg,8,901,901,908
cgattcct,8,92,748,755
ggaaagaa,8,482,1375,1382
aaaaaagg,8,1197,1197,1204
aaaaaagg,8,813,2017,2024
ggaaagaa,8,886,886,893
tagaagaa,8,679,679,686
tgacgagc,8,606,1464,1471
agctcttg,8,1034,1942,1949
cgtcttgc,8,412,792,799
tagaagaa,8,1192,1878,1885
accctgcc,8,1218,1218,1225
accctgcc,8,351,1576,1583
tttttctt,8,1227,1227,1234
tttttctt,8,1603,2837,2844
atcctgat,8,688,688,695
attctcac,8,1296,2214,2221
atcctgat,8,419,1114,1121
tgacgagc,8,851,851,858
cgattcct,8,649,649,656
tccggcaa,8,753,1951,1958
tccggcaa,8,1191,1191,1198
accaccgc,8,642,642,649
accaccgc,8,1314,1963,1970
tcaccacc,8,566,1213,1220
atatccag,8,2867,2867,2874
tcaccacc,8,640,640,647
catggtga,8,936,936,943
catggtga,8,1527,2470,2477
cttatttt,8,960,960,967
cttatttt,8,1866,2833,2840
gtattgat,8,991,991,998
gtattgat,8,107,1105,1112
tgagtttt,8,1061,1061,1068
tgagtttt,8,86,1154,1161
ttttctcc,8,1065,1065,1072
aaaaatat,8,865,1096,1103
tgaataaa,8,1123,1123,1130
cttgccat,8,123,1035,1042
cttgccat,8,905,905,912
tgaataaa,8,1677,2807,2814
cgtcttgc,8,373,373,380
tctttaaa,8,1231,1231,1238
attctcac,8,911,911,918
ggtgaaaa,8,1767,2473,2480
agtgattt,8,840,840,847
atgaataa,8,299,1122,1129
atgaataa,8,816,816,823
ggtgaaaa,8,699,699,706
tctttaaa,8,1612,2850,2857
tcgtcttg,8,948,1746,1753
tcgtcttg,8,791,791,798
ttgtaatt,8,758,758,765
taaaaagg,8,1428,2854,2861
tcctttta,8,1361,2135,2142
tcctttta,8,767,767,774
ttgtaatt,8,1597,2362,2369
aggccagg,8,1406,1406,1413
aggccagg,8,1179,2592,2599
atatatca,8,2714,2949,2956
atatatca,8,228,228,235
gttgatgc,8,113,831,838
gttgatgc,8,711,711,718
taaaaagg,8,1419,1419,1426
caataaaa,8,243,243,250
caataaaa,8,1972,2222,2229
ataaaact,8,245,245,252
ataaaact,8,2569,2821,2828
cagctcac,8,1414,2743,2750
cagctcac,8,1322,1322,1329
agtgattt,8,2124,2971,2978
ggtcgttc,8,368,1671,1678
ggtcgttc,8,1296,1296,1303
ctgcgctc,8,604,1899,1906
ctgcgctc,8,1288,1288,1295
cgctgcgc,8,430,1723,1730
cgctgcgc,8,1286,1286,1293
gttgatgcg,9,112,831,839
gttgatgcg,9,711,711,719
tttaaatca,9,347,2513,2521
ttctttacg,9,81,2929,2937
ttctttacg,9,2840,2840,2848
tttaaatca,9,2158,2158,2166
agtgatttt,9,2123,2971,2979
cttgccatt,9,905,905,913
tccttttaa,9,767,767,775
tccttttaa,9,1360,2135,2143
cgattcctg,9,649,649,657
agataaaaa,9,136,220,228
agataaaaa,9,76,76,84
cgattcctg,9,91,748,756
atggtgaaa,9,579,3058,3066
atggtgaaa,9,2471,2471,2479
ataaaaata,9,44,44,52
agtgatttt,9,840,840,848
cttgccatt,9,122,1035,1043
ataaaaata,9,170,222,230
ggtcgttcg,9,1296,1296,1304
tccttagct,9,88,88,96
cgtcttgct,9,373,373,381
cagcaaaag,9,153,153,161
cagcaaaag,9,1238,1399,1407
tttttcttt,9,1227,1227,1235
attctcacc,9,911,911,919
tctttaaaa,9,1231,1231,1239
tctttaaaa,9,1611,2850,2858
cgtcttgct,9,411,792,800
ggtcgttcg,9,367,1671,1679
agcaaaagg,9,3,1400,1408
tgatgttac,9,203,203,211
tgatgttac,9,328,539,547
taaaaaggc,9,1419,1419,1427
taaaaaggc,9,1427,2854,2862
catcacaaa,9,918,2397,2405
catcacaaa,9,1471,1471,1479
agcaaaagg,9,1389,1389,1397
tccggcaaa,9,752,1951,1959
tttttcttt,9,1602,2837,2845
aaaaaggat,9,89,2115,2123
aaaaaggat,9,2018,2018,2026
tccttagct,9,2900,2996,3004
cttattttt,9,1865,2833,2841
agatccttt,9,90,2132,2140
agatccttt,9,2034,2034,2042
tccggcaaa,9,1191,1191,1199
cttattttt,9,960,960,968
attctcacc,9,1295,2214,2222
taaaaaggcc,10,1419,1419,1428
taaaaaggcc,10,1426,2854,2863
tgatgttaca,10,327,539,548
tgatgttaca,10,203,203,212
tttaaatcaa,10,2158,2158,2167
tttaaatcaa,10,346,2513,2522
cgtcttgctc,10,410,792,801
agcaaaaggc,10,2,1400,1409
cttgccattc,10,121,1035,1044
cttgccattc,10,905,905,914
cgtcttgctc,10,373,373,382
aaaaaggatc,10,2018,2018,2027
aaaaaggatc,10,88,2115,2124
tttttcttta,10,1601,2837,2846
tttttcttta,10,1227,1227,1236
agcaaaaggc,10,1389,1389,1398
cttgccattct,11,120,1035,1045
cttgccattct,11,905,905,915
taaaaaggccg,11,1419,1419,1429
agcaaaaggcc,11,1389,1389,1399
agcaaaaggcc,11,1,1400,1410
aaaaaggatct,11,87,2115,2125
aaaaaggatct,11,2018,2018,2028
taaaaaggccg,11,1425,2854,2864
agcaaaaggcca,12,0,1400,1411
agcaaaaggcca,12,1389,1389,1400
agcaaaaggccag,13,1389,1389,1401
agcaaaaggccag,13,-1,1400,1412
