Sequence,Size,Distance,Start-Pos,End-Pos
cctgacg,7,4,4,10
tcactca,7,389,1326,1332
tcactca,7,931,931,937
accggat,7,665,1588,1594
accggat,7,917,917,923
ctcaccg,7,1826,2746,2752
ctcaccg,7,914,914,920
atcgcca,7,1779,1779,1785
atcgcca,7,638,2423,2429
gcagcag,7,1789,1789,1795
gcagcag,7,203,1998,2004
gaaatgc,7,2016,2913,2919
gaaatgc,7,891,891,897
aacagga,7,1804,1804,1810
aacagga,7,489,2299,2305
cgagcgt,7,1386,2246,2252
cactcat,7,932,932,938
cactcat,7,1407,2345,2351
ctcatgg,7,934,934,940
ctcatgg,7,1758,2698,2704
atcgcag,7,1330,2350,2356
atcgcag,7,1014,1014,1020
gaatcgc,7,1403,2421,2427
gaatcgc,7,1012,1012,1018
ccggtaa,7,1736,1736,1742
ccggtaa,7,20,1762,1768
aaattaa,7,1158,2142,2148
cgagcgt,7,854,854,860
aaattaa,7,978,978,984
gggaaat,7,975,975,981
ttgataa,7,150,1108,1114
ttgataa,7,952,952,958
tttctca,7,681,1631,1637
tttctca,7,944,944,950
cccggta,7,1761,1761,1767
cccggta,7,1268,3035,3041
gggaaat,7,1604,2585,2591
taccagg,7,1026,1026,1032
tttgatg,7,290,1142,1148
gattttg,7,1245,2094,2100
gctggcc,7,719,719,725
attacgc,7,2005,2005,2011
attacgc,7,317,2328,2334
tgaaaat,7,2300,3007,3013
tgaaaat,7,701,701,707
tgatctt,7,2042,2042,2048
tgatctt,7,995,3043,3049
gattcag,7,222,921,927
gattcag,7,693,693,699
aatatcc,7,2175,2866,2872
aatatcc,7,685,685,691
accgtaa,7,1184,2605,2611
acgaaaa,7,474,2555,2561
ggaaaac,7,2039,2703,2709
ggaaaac,7,658,658,664
gctggcc,7,140,865,871
ctgcgcc,7,732,732,738
ctgcgcc,7,987,1725,1731
tcctgtt,7,752,752,758
gattttg,7,843,843,849
gagttct,7,1843,1843,1849
gagttct,7,422,2271,2277
gaagcca,7,1911,1911,1917
gaagcca,7,475,2392,2398
tcaggcg,7,1984,2790,2796
tcaggcg,7,800,800,806
tttgatg,7,846,846,852
ttgctca,7,1893,2695,2701
tggtagc,7,1938,1938,1944
tggtagc,7,27,1971,1977
cggtggt,7,1977,1977,1983
cggtggt,7,975,2958,2964
ttttttt,7,1983,1983,1989
ttttttt,7,987,2976,2982
tcctgtt,7,808,1566,1572
ttgctca,7,796,796,802
taccagg,7,496,1528,1534
ttggaac,7,1046,1046,1052
ttggaac,7,2016,3068,3074
gcttcct,7,1720,2993,2999
gcttcct,7,1267,1267,1273
agattac,7,751,2003,2009
agattac,7,1246,1246,1252
ccggata,7,1589,1589,1595
ccggata,7,1222,2817,2823
ctttctc,7,1605,1605,1611
ctttctc,7,19,1630,1636
ccttcgg,7,1612,1612,1618
ccttcgg,7,304,1922,1928
gggcaag,7,1587,2796,2802
gggcaag,7,1203,1203,1209
tgtaggt,7,1648,1648,1654
tgtaggt,7,13,1667,1673
caaaaaa,7,1822,3024,3030
gctcact,7,1275,1275,1281
gctcact,7,43,1324,1330
actgact,7,1279,1279,1285
actgact,7,1621,2906,2912
ggcgttt,7,1437,1437,1443
ggcgttt,7,90,1533,1539
tgagcaa,7,1507,2900,2906
tgagcaa,7,1387,1387,1393
aagaaca,7,497,1881,1887
aagaaca,7,1378,1378,1384
tccacag,7,88,1445,1451
caaaaaa,7,1196,1196,1202
tccacag,7,1351,1351,1357
aggcggt,7,1334,1334,1340
actcaaa,7,1687,3021,3027
actcaaa,7,1328,1328,1334
ccccctg,7,1459,1459,1465
ccccctg,7,75,1540,1546
tggaagc,7,1545,1545,1551
tggaagc,7,839,2390,2396
aggcggt,7,490,1830,1836
ggtatct,7,1652,1652,1658
ggtatct,7,236,1894,1900
ttttcta,7,882,2047,2053
tcaaaaa,7,1094,1094,1100
ctttttc,7,131,1226,1232
ctttttc,7,1089,1089,1095
aaacggc,7,1314,2403,2409
aaacggc,7,1083,1083,1089
tcattac,7,1202,2282,2288
tcattac,7,1074,1074,1080
tcaaaaa,7,1013,2113,2119
ttcatta,7,678,3052,3058
ttcatta,7,1073,1073,1079
tccaagc,7,1681,1681,1687
tccaagc,7,620,2307,2313
accgctg,7,1721,1721,1727
accgctg,7,239,1966,1972
aactgcc,7,1586,2642,2648
aactgcc,7,1050,1050,1056
ttcatta,7,1289,2368,2374
agggatt,7,2091,2091,2097
tcaaaaa,7,904,3023,3029
caaaaat,7,375,1476,1482
ttttcta,7,1159,1159,1165
tttttct,7,135,2978,2984
tttttct,7,1604,2837,2843
tttttct,7,63,1227,1233
tttttct,7,1158,1158,1164
gtttttc,7,277,1440,1446
gtttttc,7,1157,1157,1163
caaaaat,7,1095,1095,1101
gctcgat,7,1162,2316,2322
tttcatt,7,290,3051,3057
tttcatt,7,1612,2755,2761
tttcatt,7,1137,1137,1143
cggtgta,7,1664,1664,1670
cggtgta,7,1039,2709,2715
tggtatt,7,1551,2660,2666
tggtatt,7,1103,1103,1109
gctcgat,7,1148,1148,1154
agggatt,7,444,2541,2547
acgaaaa,7,2075,2075,2081
tatcaaa,7,205,2322,2328
aatatat,7,227,227,233
aaacttg,7,2186,2186,2192
aaacttg,7,632,2824,2830
agctcga,7,2200,2200,2206
agctcga,7,109,2315,2321
tacattg,7,2680,2895,2901
tacattg,7,209,209,215
gttctga,7,2251,2251,2257
gttctga,7,16,2273,2279
tatcaac,7,2295,2295,2301
tatcaac,7,651,2952,2958
ctcgata,7,2317,2317,2323
ctcgata,7,691,3014,3020
atatcaa,7,2321,2321,2327
atatcaa,7,624,2951,2957
aatatat,7,2395,2628,2634
atatatg,7,447,2629,2635
atatatg,7,2176,2176,2182
tgaacaa,7,239,239,245
catattc,7,2200,2563,2569
catattc,7,357,357,363
ccatatt,7,2137,2499,2505
tatcaaa,7,2111,2111,2117
acaaggg,7,2435,2716,2722
acaaggg,7,275,275,281
gtaatac,7,1063,1339,1345
tacgccc,7,2330,2330,2336
gtaatac,7,270,270,276
aacagta,7,266,266,272
aaaactg,7,2268,2521,2527
aaaactg,7,247,247,253
ttaaaaa,7,2145,2145,2151
ttaaaaa,7,702,2853,2859
tgaacaa,7,1374,2255,2261
tgaacaa,7,630,875,881
aacagta,7,1612,1884,1890
tacgccc,7,695,3031,3037
gatttat,7,243,414,420
gatttat,7,165,165,171
aaaaaaa,7,80,80,86
tcaccgt,7,2603,2603,2609
tcaccgt,7,138,2747,2753
gtggtat,7,2659,2659,2665
gtggtat,7,295,2960,2966
aacggtg,7,2707,2707,2713
aacggtg,7,243,2956,2962
aaaaaaa,7,1930,2016,2022
acggtct,7,2846,2846,2852
ctataaa,7,1471,1519,1525
ctataaa,7,42,42,48
atcatga,7,201,235,241
atcatga,7,28,28,34
attatca,7,2078,2109,2115
attatca,7,25,25,31
cctgacg,7,1452,1462,1468
acggtct,7,27,2879,2885
tcaacgg,7,362,362,368
aaaaaat,7,82,82,88
aaaaatc,7,83,83,89
ttcgatt,7,578,746,752
ttcgatt,7,162,162,168
agcattc,7,2375,2375,2381
agcattc,7,401,2782,2788
tcaactc,7,2937,3090,3096
tcaactc,7,147,147,153
tccttca,7,921,1070,1076
aaaaaat,7,2937,3025,3031
tccttca,7,143,143,149
gatcctt,7,1888,2035,2041
gatcctt,7,141,141,147
catggaa,7,2388,2388,2394
catggaa,7,306,2700,2706
ttagctt,7,2893,2990,2996
ttagctt,7,91,91,97
aaaaatc,7,1388,1477,1483
gatcctt,7,92,2133,2139
tcaacgg,7,2586,2954,2960
ccatatt,7,356,356,362
atcaaaa,7,2112,2112,2118
atgcctc,7,2325,2916,2922
atgcctc,7,585,585,591
tggctga,7,1971,2547,2553
tggctga,7,570,570,576
tctgaac,7,1684,2253,2259
tctgaac,7,563,563,569
atgagat,7,1548,2104,2110
cccgacc,7,593,593,599
atgagat,7,550,550,556
ttacaga,7,544,544,550
gcgttgc,7,894,1429,1435
atcaaaa,7,400,2518,2524
ggtagcg,7,1441,1972,1978
ggtagcg,7,525,525,531
ttctgaa,7,1738,2252,2258
ttctgaa,7,508,508,514
ttacaga,7,527,1077,1083
agagttg,7,1427,1933,1939
cccgacc,7,1118,1717,1723
aagcatt,7,1765,2374,2380
ctcacca,7,1572,2217,2223
ctcacca,7,639,639,645
actcacc,7,1889,2533,2539
actcacc,7,638,638,644
tgatgcg,7,114,833,839
tgatgcg,7,81,713,719
tgatgcg,7,626,626,632
aagcatt,7,603,603,609
tcctgat,7,420,1115,1121
tcctgat,7,620,620,626
ctcctga,7,2378,3003,3009
ctcctga,7,619,619,625
ttatccg,7,1116,1732,1738
ttatccg,7,610,610,616
catttta,7,2374,2986,2992
catttta,7,606,606,612
tcctgat,7,63,689,695
agagttg,7,500,500,506
gcgttgc,7,529,529,535
tcaggtg,7,234,696,702
aacatgg,7,402,402,408
aacatgg,7,106,514,520
acatgga,7,403,403,409
acatgga,7,1978,2387,2393
cgggcaa,7,449,449,455
cgggcaa,7,2340,2795,2801
gcaatca,7,452,452,458
gcaatca,7,348,806,812
aatcagg,7,454,454,460
aatcagg,7,898,1358,1364
tcaggtg,7,456,456,462
caatcta,7,466,466,472
caatcta,7,1693,2165,2171
atctatc,7,468,468,474
atctatc,7,1818,2292,2298
accgtaa,7,1415,1415,1421
gggaagc,7,1128,1617,1623
gggaagc,7,483,483,489
agcccga,7,1222,1715,1721
agcccga,7,487,487,493
gatgcgc,7,492,492,498
gcccgat,7,488,488,494
gatgcgc,7,216,714,720
cagagtt,7,1336,1841,1847
ggaagcc,7,1901,2391,2397
ggaagcc,7,484,484,490
cagagtt,7,499,499,505
gcccgat,7,2590,3084,3090
gagtccaa,8,1753,1753,1760
gagtccaa,8,544,2304,2311
ggtctgac,8,128,2192,2199
ggtctgac,8,2057,2057,2064
acgcccgg,8,794,3032,3039
aaactcac,8,2079,2079,2086
aaactcac,8,445,2531,2538
acgcccgg,8,2231,2231,2238
gacgctca,8,571,2062,2069
tgcgctct,8,1559,1559,1566
tgcgctct,8,334,1900,1907
gccactgg,8,6,1795,1802
ttttaaat,8,2138,2138,2145
ttttaaat,8,12,2157,2164
cagagcga,8,850,2672,2679
gccactgg,8,1782,1782,1789
gaaaacgg,8,221,2704,2711
gaaaacgg,8,2476,2476,2483
tgaaaacg,8,198,2680,2687
tgaaaacg,8,2475,2475,2482
gacgctca,8,1484,1484,1491
cagagcga,8,1815,1815,1822
catggtga,8,1527,2470,2477
aggccagg,8,1406,1406,1413
caataaaa,8,243,243,250
caataaaa,8,1972,2222,2229
ataaaact,8,245,245,252
ataaaact,8,2569,2821,2828
tcaccacc,8,640,640,647
tcaccacc,8,566,1213,1220
accaccgc,8,642,642,649
accaccgc,8,1314,1963,1970
tagaagaa,8,679,679,686
tagaagaa,8,1192,1878,1885
atcctgat,8,688,688,695
atcctgat,8,419,1114,1121
ggtgaaaa,8,699,699,706
ggtgaaaa,8,1767,2473,2480
aggccagg,8,1179,2592,2599
ttgtaatt,8,758,758,765
ttgtaatt,8,1597,2362,2369
tcgtcttg,8,791,791,798
tcgtcttg,8,948,1746,1753
atatatca,8,2714,2949,2956
atatatca,8,228,228,235
aaaaatat,8,865,1096,1103
aaaaatat,8,224,224,231
aaataggc,8,48,48,55
aaataggc,8,2533,2588,2595
ataaaaaa,8,78,78,85
ataaaaaa,8,2139,2224,2231
tgatttct,8,108,108,115
tgatttct,8,826,941,948
GCGGCCGC,8,123,123,130
GCGGCCGC,8,1048,1178,1185
tattcaac,8,169,169,176
atgaataa,8,816,816,823
tattcaac,8,183,359,366
gccacgtt,8,2320,2507,2514
ctcaaaat,8,192,192,199
ctcaaaat,8,2721,2920,2927
aaaatctc,8,195,195,202
aaaatctc,8,2807,3009,3016
gttacatt,8,207,207,214
gttacatt,8,526,740,747
tgcacaag,8,214,214,221
tgcacaag,8,674,895,902
gccacgtt,8,180,180,187
atgaataa,8,299,1122,1129
atatccag,8,91,2965,2972
ctgcgctc,8,1288,1288,1295
gtattgat,8,107,1105,1112
gtattgat,8,991,991,998
ttttctcc,8,1065,1065,1072
ttttctcc,8,1907,2979,2986
tgaataaa,8,1123,1123,1130
atatccag,8,2867,2867,2874
catggtga,8,936,936,943
tgaataaa,8,1677,2807,2814
ctgcgctc,8,604,1899,1906
cagctcac,8,1322,1322,1329
cagctcac,8,1414,2743,2750
tgagtttt,8,1061,1061,1068
tgagtttt,8,86,1154,1161
tgacgagc,8,851,851,858
aaaaaagg,8,1197,1197,1204
aaaaaagg,8,813,2017,2024
agctcttg,8,1034,1942,1949
accctgcc,8,1218,1218,1225
accctgcc,8,351,1576,1583
agctcttg,8,901,901,908
ggaaagaa,8,482,1375,1382
ggaaagaa,8,886,886,893
tgacgagc,8,606,1464,1471
cgctgcgc,8,1286,1286,1293
cgctgcgc,8,430,1723,1730
ggtcgttcg,9,1296,1296,1304
agtgatttt,9,2123,2971,2979
cagcaaaag,9,153,153,161
cagcaaaag,9,1238,1399,1407
tctttaaaa,9,1611,2850,2858
catcacaaa,9,918,2397,2405
catcacaaa,9,1471,1471,1479
atggtgaaa,9,2471,2471,2479
atggtgaaa,9,579,3058,3066
tccttagct,9,2900,2996,3004
tccttagct,9,88,88,96
agataaaaa,9,136,220,228
agataaaaa,9,76,76,84
ttctttacg,9,2840,2840,2848
ttctttacg,9,81,2929,2937
ataaaaata,9,170,222,230
ataaaaata,9,44,44,52
ggtcgttcg,9,367,1671,1679
tctttaaaa,9,1231,1231,1239
tccggcaaa,9,752,1951,1959
agatccttt,9,90,2132,2140
agtgatttt,9,840,840,848
tccttttaa,9,1360,2135,2143
tccttttaa,9,767,767,775
gttgatgcg,9,112,831,839
gttgatgcg,9,711,711,719
attctcacc,9,911,911,919
attctcacc,9,1295,2214,2222
cttattttt,9,960,960,968
cttattttt,9,1865,2833,2841
agatccttt,9,2034,2034,2042
cgattcctg,9,649,649,657
tccggcaaa,9,1191,1191,1199
cgattcctg,9,91,748,756
tttttcttta,10,1601,2837,2846
tttttcttta,10,1227,1227,1236
tttaaatcaa,10,346,2513,2522
tttaaatcaa,10,2158,2158,2167
tgatgttaca,10,203,203,212
cgtcttgctc,10,373,373,382
cgtcttgctc,10,410,792,801
tgatgttaca,10,327,539,548
aaaaaggatct,11,87,2115,2125
cttgccattct,11,120,1035,1045
taaaaaggccg,11,1425,2854,2864
taaaaaggccg,11,1419,1419,1429
cttgccattct,11,905,905,915
aaaaaggatct,11,2018,2018,2028
agcaaaaggccag,13,1389,1389,1401
agcaaaaggccag,13,-1,1400,1412
